Date;Tair;RH;RRR
31.08.2016 21:00;11.9;84;2
31.08.2016 18:00;16.8;57;
31.08.2016 15:00;16.6;57;
31.08.2016 12:00;14.6;64;
31.08.2016 9:00;14.4;88;
31.08.2016 6:00;14.2;86;
31.08.2016 3:00;15.5;84;
31.08.2016 0:00;16.5;87;
30.08.2016 21:00;17.1;86;2
30.08.2016 18:00;18;92;2
30.08.2016 15:00;22.8;66;
30.08.2016 12:00;23.8;64;
30.08.2016 9:00;22.2;67;
30.08.2016 6:00;19.8;75;
30.08.2016 3:00;20.1;72;
30.08.2016 0:00;19.6;66;
29.08.2016 21:00;19.1;61;
29.08.2016 18:00;20.8;50;
29.08.2016 15:00;20.8;46;
29.08.2016 12:00;19;39;
29.08.2016 9:00;17.2;45;
29.08.2016 6:00;8.9;97;
29.08.2016 3:00;9.1;95;
29.08.2016 0:00;12;84;
28.08.2016 21:00;15.6;61;
28.08.2016 18:00;19.5;45;
28.08.2016 15:00;21.4;41;
28.08.2016 12:00;21.1;38;
28.08.2016 9:00;19.6;53;
28.08.2016 6:00;18.1;77;
28.08.2016 3:00;19.6;68;
28.08.2016 0:00;20.8;64;
27.08.2016 21:00;22.9;58;
27.08.2016 18:00;25.5;49;
27.08.2016 15:00;26.9;46;
27.08.2016 12:00;24.9;55;
27.08.2016 9:00;20.2;70;
27.08.2016 6:00;14.2;97;
27.08.2016 3:00;15.4;95;
27.08.2016 0:00;17.1;86;
26.08.2016 21:00;19.5;72;
26.08.2016 18:00;20.3;65;
26.08.2016 15:00;20.8;62;
26.08.2016 12:00;20.2;58;
26.08.2016 9:00;17.9;65;
26.08.2016 6:00;10.9;97;
26.08.2016 3:00;11.7;96;
26.08.2016 0:00;12.4;91;
25.08.2016 21:00;13.9;79;
25.08.2016 18:00;18.9;59;
25.08.2016 15:00;19.8;57;
25.08.2016 12:00;18.7;69;
25.08.2016 9:00;15.8;85;3
25.08.2016 6:00;14.9;91;9
25.08.2016 3:00;15.1;92;
25.08.2016 0:00;15.7;94;
24.08.2016 21:00;16.3;93;6
24.08.2016 18:00;18.7;78;
24.08.2016 15:00;23.9;63;
24.08.2016 12:00;24.3;61;
24.08.2016 9:00;20.2;91;17
24.08.2016 6:00;17.8;99;17
24.08.2016 3:00;18.2;98;
24.08.2016 0:00;17.6;97;
23.08.2016 21:00;21.1;83;2
23.08.2016 18:00;21.6;94;2
23.08.2016 15:00;26.7;56;
23.08.2016 12:00;27.2;54;
23.08.2016 9:00;24.2;73;
23.08.2016 6:00;16.6;98;
23.08.2016 3:00;16.9;98;
23.08.2016 0:00;17.7;96;
22.08.2016 21:00;20.5;84;
22.08.2016 18:00;24.7;67;
22.08.2016 15:00;28.1;49;
22.08.2016 12:00;26.6;55;
22.08.2016 9:00;20.2;93;
22.08.2016 6:00;16.3;99;
22.08.2016 3:00;16.8;98;
22.08.2016 0:00;17.8;97;
21.08.2016 21:00;20.3;91;
21.08.2016 18:00;25.8;51;
21.08.2016 15:00;25.9;56;
21.08.2016 12:00;24.7;65;
21.08.2016 9:00;22.6;75;
21.08.2016 6:00;16.2;98;
21.08.2016 3:00;15.9;97;
21.08.2016 0:00;17.6;98;
20.08.2016 21:00;18.9;95;4
20.08.2016 18:00;21.9;82;5
20.08.2016 15:00;22.5;81;
20.08.2016 12:00;21.2;88;
20.08.2016 9:00;19.2;96;1
20.08.2016 6:00;17.3;98;2
20.08.2016 3:00;17.8;97;
20.08.2016 0:00;18.9;96;
19.08.2016 21:00;19.3;96;4
19.08.2016 18:00;19.5;95;2
19.08.2016 15:00;28;54;
19.08.2016 12:00;28.2;48;
19.08.2016 9:00;22.8;67;
19.08.2016 6:00;15.8;97;
19.08.2016 3:00;16.2;96;
19.08.2016 0:00;17.4;94;
18.08.2016 21:00;20.3;81;0.3
18.08.2016 18:00;26.1;49;0.3
18.08.2016 15:00;25.1;56;
18.08.2016 12:00;25.3;53;
18.08.2016 9:00;20.9;68;
18.08.2016 6:00;15;94;
18.08.2016 3:00;14.4;96;
18.08.2016 0:00;14.4;94;
17.08.2016 21:00;15.7;81;
17.08.2016 18:00;21.3;47;
17.08.2016 15:00;21.2;50;
17.08.2016 12:00;19.8;60;
17.08.2016 9:00;16.6;79;6
17.08.2016 6:00;13.8;95;6
17.08.2016 3:00;15.5;82;
17.08.2016 0:00;16.1;71;
16.08.2016 21:00;17.9;59;
16.08.2016 18:00;19.5;50;
16.08.2016 15:00;19.7;46;
16.08.2016 12:00;20.2;49;
16.08.2016 9:00;16.9;67;0.5
16.08.2016 6:00;12.3;92;2
16.08.2016 3:00;13.9;93;
16.08.2016 0:00;12.8;93;
15.08.2016 21:00;13.6;94;40
15.08.2016 18:00;13.6;94;53
15.08.2016 15:00;13.5;95;
15.08.2016 12:00;13.7;95;
15.08.2016 9:00;14.2;93;48
15.08.2016 6:00;14.5;93;38
15.08.2016 3:00;14.7;94;
15.08.2016 0:00;14.7;94;
14.08.2016 21:00;15.1;91;5
14.08.2016 18:00;17.2;76;0.5
14.08.2016 15:00;20;51;
14.08.2016 12:00;19.1;54;
14.08.2016 9:00;17.5;62;
14.08.2016 6:00;11.5;95;
14.08.2016 3:00;12.2;92;
14.08.2016 0:00;14.1;83;
13.08.2016 21:00;17.1;64;
13.08.2016 18:00;18.5;52;
13.08.2016 15:00;18.7;51;
13.08.2016 12:00;16.7;60;
13.08.2016 9:00;14.4;76;1
13.08.2016 6:00;12.6;88;2
13.08.2016 3:00;11.8;90;
13.08.2016 0:00;11.1;89;
12.08.2016 21:00;12.9;90;1
12.08.2016 18:00;14.9;83;0.1
12.08.2016 15:00;15.4;88;
12.08.2016 12:00;19.5;82;
12.08.2016 9:00;19.3;85;0.1
12.08.2016 6:00;17.7;94;0.1
12.08.2016 3:00;18.8;88;
12.08.2016 0:00;20.7;75;
11.08.2016 21:00;22.5;55;
11.08.2016 18:00;27;37;
11.08.2016 15:00;27.3;37;
11.08.2016 12:00;25.9;42;
11.08.2016 9:00;24;51;
11.08.2016 6:00;14.6;97;
11.08.2016 3:00;14.8;93;
11.08.2016 0:00;15.6;89;
10.08.2016 21:00;19.1;67;
10.08.2016 18:00;24.6;40;
10.08.2016 15:00;26.3;37;
10.08.2016 12:00;25.2;44;
10.08.2016 9:00;24.2;49;
10.08.2016 6:00;14.7;96;
10.08.2016 3:00;14.9;93;
10.08.2016 0:00;16.5;87;
09.08.2016 21:00;19.6;71;
09.08.2016 18:00;25.1;43;
09.08.2016 15:00;25.4;43;
09.08.2016 12:00;24.1;49;
09.08.2016 9:00;19.9;67;
09.08.2016 6:00;14.4;86;
09.08.2016 3:00;13.6;91;
09.08.2016 0:00;16.1;75;
08.08.2016 21:00;17.4;66;
08.08.2016 18:00;20.2;53;
08.08.2016 15:00;21;52;
08.08.2016 12:00;20.9;52;
08.08.2016 9:00;17.5;68;8
08.08.2016 6:00;14.1;89;20
08.08.2016 3:00;14.9;90;
08.08.2016 0:00;17.5;90;
07.08.2016 21:00;19.5;96;12
07.08.2016 18:00;30.5;34;
07.08.2016 15:00;33.4;30;
07.08.2016 12:00;31.7;42;
07.08.2016 9:00;27.7;56;
07.08.2016 6:00;17.6;96;
07.08.2016 3:00;17.4;92;
07.08.2016 0:00;19.4;80;
06.08.2016 21:00;24.1;57;
06.08.2016 18:00;28.7;41;
06.08.2016 15:00;28.8;44;
06.08.2016 12:00;28.3;43;
06.08.2016 9:00;25.7;46;
06.08.2016 6:00;16.3;94;
06.08.2016 3:00;16.4;87;
06.08.2016 0:00;18.7;74;
05.08.2016 21:00;21.1;61;
05.08.2016 18:00;26;39;
05.08.2016 15:00;26.6;36;
05.08.2016 12:00;24.4;44;
05.08.2016 9:00;23.2;49;
05.08.2016 6:00;15.1;96;
05.08.2016 3:00;15.3;91;
05.08.2016 0:00;17.6;81;
04.08.2016 21:00;19.8;67;
04.08.2016 18:00;24.9;39;
04.08.2016 15:00;24.8;43;
04.08.2016 12:00;21.5;61;
04.08.2016 9:00;20.5;70;0.3
04.08.2016 6:00;17.2;89;0.3
04.08.2016 3:00;17.1;92;
04.08.2016 0:00;17.9;88;
03.08.2016 21:00;17.7;91;0.6
03.08.2016 18:00;19.2;82;0.6
03.08.2016 15:00;19.7;83;
03.08.2016 12:00;20.3;83;
03.08.2016 9:00;19.4;86;3
03.08.2016 6:00;17.7;95;3
03.08.2016 3:00;19.3;93;
03.08.2016 0:00;19.9;93;
02.08.2016 21:00;22.9;76;0.3
02.08.2016 18:00;27.5;52;
02.08.2016 15:00;30.5;38;
02.08.2016 12:00;30.3;41;
02.08.2016 9:00;28.5;47;
02.08.2016 6:00;20.2;85;
02.08.2016 3:00;20.8;77;
02.08.2016 0:00;21.6;76;
01.08.2016 21:00;24.3;57;
01.08.2016 18:00;28.9;39;
01.08.2016 15:00;28.7;36;
01.08.2016 12:00;27.2;42;
01.08.2016 9:00;25;55;
01.08.2016 6:00;18.8;89;
01.08.2016 3:00;19;83;
01.08.2016 0:00;20.1;79;
31.07.2016 21:00;22.4;68;
31.07.2016 18:00;27.5;42;
31.07.2016 15:00;28.1;41;
31.07.2016 12:00;26;50;
31.07.2016 9:00;23.6;59;
31.07.2016 6:00;18.8;88;
31.07.2016 3:00;18.4;90;
31.07.2016 0:00;20.3;78;
30.07.2016 21:00;23;65;
30.07.2016 18:00;28.3;45;
30.07.2016 15:00;30.4;41;
30.07.2016 12:00;29.5;43;
30.07.2016 9:00;27.4;55;
30.07.2016 6:00;19.2;96;
30.07.2016 3:00;19;92;
30.07.2016 0:00;21.1;84;
29.07.2016 21:00;24.4;66;
29.07.2016 18:00;28.2;48;
29.07.2016 15:00;28.6;47;
29.07.2016 12:00;27.6;49;
29.07.2016 9:00;25.5;64;
29.07.2016 6:00;18.6;96;
29.07.2016 3:00;18.2;95;
29.07.2016 0:00;19.4;89;
28.07.2016 21:00;23.2;71;
28.07.2016 18:00;27;50;
28.07.2016 15:00;26.1;53;
28.07.2016 12:00;25.4;54;
28.07.2016 9:00;23.7;66;
28.07.2016 6:00;18.3;93;
28.07.2016 3:00;17.8;94;
28.07.2016 0:00;17.9;93;
27.07.2016 21:00;21.3;83;
27.07.2016 18:00;22.1;84;
27.07.2016 15:00;28.4;46;
27.07.2016 12:00;28.8;46;
27.07.2016 9:00;26.3;61;
27.07.2016 6:00;18.4;97;
27.07.2016 3:00;18.2;96;
27.07.2016 0:00;18.9;94;
26.07.2016 21:00;21.2;86;
26.07.2016 18:00;24.5;82;
26.07.2016 15:00;20.8;96;
26.07.2016 12:00;28.3;45;
26.07.2016 9:00;24.8;64;
26.07.2016 6:00;17.9;96;
26.07.2016 3:00;17.4;94;
26.07.2016 0:00;18.6;89;
25.07.2016 21:00;21.5;80;
25.07.2016 18:00;26.9;51;
25.07.2016 15:00;23.9;57;
25.07.2016 12:00;27.2;52;
25.07.2016 9:00;23;70;
25.07.2016 6:00;17.9;94;
25.07.2016 3:00;17.4;91;
25.07.2016 0:00;19.2;83;
24.07.2016 21:00;21.9;70;
24.07.2016 18:00;27.2;43;
24.07.2016 15:00;27;45;
24.07.2016 12:00;26.7;52;
24.07.2016 9:00;22.1;71;
24.07.2016 6:00;18.5;85;
24.07.2016 3:00;18.7;84;
24.07.2016 0:00;19.7;78;
23.07.2016 21:00;21.7;70;
23.07.2016 18:00;23.4;58;
23.07.2016 15:00;23.9;52;
23.07.2016 12:00;22.2;58;
23.07.2016 9:00;19.7;78;5
23.07.2016 6:00;18.1;82;7
23.07.2016 3:00;18.4;89;
23.07.2016 0:00;16.9;91;
22.07.2016 21:00;19;92;11
22.07.2016 18:00;17.6;92;8
22.07.2016 15:00;19.3;71;
22.07.2016 12:00;21.8;55;
22.07.2016 9:00;19.5;67;
22.07.2016 6:00;14.9;94;
22.07.2016 3:00;13.9;94;
22.07.2016 0:00;15.2;90;
21.07.2016 21:00;18.7;71;
21.07.2016 18:00;21.1;54;
21.07.2016 15:00;20.6;60;
21.07.2016 12:00;19.7;66;
21.07.2016 9:00;19.5;73;2
21.07.2016 6:00;18.1;92;4
21.07.2016 3:00;17.8;92;
21.07.2016 0:00;19.1;91;
20.07.2016 21:00;20.7;79;11
20.07.2016 18:00;23.2;62;9
20.07.2016 15:00;19.6;92;
20.07.2016 12:00;23.9;66;
20.07.2016 9:00;22.9;74;0.8
20.07.2016 6:00;19.9;89;0.8
20.07.2016 3:00;19.7;92;
20.07.2016 0:00;21;87;
19.07.2016 21:00;22.4;80;0.3
19.07.2016 18:00;24.7;71;0.3
19.07.2016 15:00;26.6;56;
19.07.2016 12:00;24;66;
19.07.2016 9:00;21.5;79;2
19.07.2016 6:00;19;92;2
19.07.2016 3:00;20;83;
18.07.2016 21:00;22.6;73;3
18.07.2016 18:00;25.9;58;28
18.07.2016 15:00;24.6;58;
18.07.2016 12:00;17.4;93;
18.07.2016 9:00;16.6;96;26
18.07.2016 6:00;20.4;59;0.3
18.07.2016 3:00;20.1;56;
18.07.2016 0:00;17.7;77;
17.07.2016 21:00;23;52;
17.07.2016 18:00;26.7;37;
17.07.2016 15:00;26.2;39;
17.07.2016 12:00;23.9;46;
17.07.2016 9:00;21.2;56;
17.07.2016 6:00;16.7;80;
17.07.2016 3:00;16.4;79;
17.07.2016 0:00;19.1;64;
16.07.2016 21:00;21.5;56;
16.07.2016 18:00;25.8;42;
16.07.2016 15:00;27.8;33;
16.07.2016 12:00;27.1;47;
16.07.2016 9:00;24.1;59;
16.07.2016 6:00;21.4;88;
16.07.2016 3:00;19.8;95;
16.07.2016 0:00;21.6;87;
15.07.2016 21:00;26.8;60;
15.07.2016 18:00;29.9;45;
15.07.2016 15:00;30.1;46;
15.07.2016 12:00;26.7;57;
15.07.2016 9:00;23.1;64;
15.07.2016 6:00;17.2;97;
15.07.2016 3:00;15.5;96;
15.07.2016 0:00;15.9;94;
14.07.2016 21:00;19.6;75;
14.07.2016 18:00;23.7;54;
14.07.2016 15:00;22.7;60;
14.07.2016 12:00;20.3;71;
14.07.2016 9:00;18.2;85;14
14.07.2016 6:00;19.1;92;14
14.07.2016 3:00;18.7;97;
14.07.2016 0:00;19;96;
13.07.2016 21:00;23;72;
13.07.2016 18:00;26.5;53;
13.07.2016 15:00;26;53;
13.07.2016 12:00;25;55;
13.07.2016 9:00;24.6;53;
13.07.2016 6:00;19.7;84;
13.07.2016 3:00;18.2;92;
13.07.2016 0:00;21;78;
12.07.2016 21:00;22.8;66;
12.07.2016 18:00;25.5;53;
12.07.2016 15:00;24.8;57;
12.07.2016 12:00;21.3;76;
12.07.2016 9:00;19.3;84;0.6
12.07.2016 6:00;17.1;91;0.6
12.07.2016 3:00;17.4;75;
12.07.2016 0:00;17.1;68;
11.07.2016 21:00;18.7;57;2
11.07.2016 18:00;22.1;48;2
11.07.2016 15:00;22;51;
11.07.2016 12:00;21.6;56;
11.07.2016 9:00;17.4;76;
11.07.2016 6:00;15.9;84;
11.07.2016 3:00;16.1;87;
11.07.2016 0:00;17.1;80;
10.07.2016 21:00;18.4;67;
10.07.2016 18:00;21.5;49;
10.07.2016 15:00;22.4;52;
10.07.2016 12:00;20.9;56;
10.07.2016 9:00;20;62;
10.07.2016 6:00;15.5;81;
10.07.2016 3:00;13.5;87;
10.07.2016 0:00;15.7;75;
09.07.2016 21:00;18.4;56;
09.07.2016 18:00;22.1;39;
09.07.2016 15:00;22.2;41;
09.07.2016 12:00;19.4;54;
09.07.2016 9:00;16.7;76;
09.07.2016 3:00;12.3;85;
09.07.2016 0:00;13;90;
08.07.2016 21:00;13.9;91;1
08.07.2016 18:00;15.7;73;0.8
08.07.2016 15:00;13.9;80;
08.07.2016 12:00;16.6;63;
08.07.2016 9:00;15;79;2
08.07.2016 6:00;12.2;91;8
08.07.2016 3:00;12.2;96;
08.07.2016 0:00;13.6;96;
07.07.2016 21:00;14.5;93;9
07.07.2016 18:00;20.6;58;3
07.07.2016 15:00;19.6;68;
07.07.2016 12:00;18.3;79;
07.07.2016 9:00;20.1;64;
07.07.2016 6:00;16.7;72;
07.07.2016 3:00;17.2;63;
07.07.2016 0:00;18.4;59;
06.07.2016 21:00;19.3;53;1
06.07.2016 18:00;20.2;50;1
06.07.2016 15:00;21;41;
06.07.2016 12:00;16.2;81;
06.07.2016 9:00;15.9;67;
06.07.2016 6:00;13.8;74;
06.07.2016 3:00;13.3;74;
06.07.2016 0:00;14.5;68;
05.07.2016 21:00;16.6;61;
05.07.2016 18:00;19.1;50;
05.07.2016 15:00;19.5;53;
05.07.2016 12:00;17.9;55;
05.07.2016 9:00;15.6;61;2
05.07.2016 6:00;12.7;79;2
05.07.2016 3:00;13.3;80;
05.07.2016 0:00;14.5;90;
04.07.2016 21:00;18.7;88;14
04.07.2016 18:00;19.7;91;14
04.07.2016 15:00;28.3;38;
04.07.2016 12:00;27.9;40;
04.07.2016 9:00;27.4;44;
04.07.2016 6:00;19.7;86;
04.07.2016 3:00;17.6;93;
04.07.2016 0:00;20.5;78;
03.07.2016 21:00;23;66;
03.07.2016 18:00;25.3;57;
03.07.2016 15:00;28.7;39;
03.07.2016 12:00;28.6;37;
03.07.2016 9:00;26.3;49;
03.07.2016 6:00;18.5;93;
03.07.2016 3:00;17.5;92;
03.07.2016 0:00;19;85;
02.07.2016 21:00;22.5;71;0.1
02.07.2016 18:00;26;55;0.1
02.07.2016 15:00;27.7;38;
02.07.2016 12:00;28.4;40;
02.07.2016 9:00;26.4;45;
02.07.2016 6:00;19.4;81;
02.07.2016 3:00;16.8;83;
02.07.2016 0:00;18.4;75;
01.07.2016 21:00;22.5;57;
01.07.2016 18:00;25.6;48;
01.07.2016 15:00;27.6;33;
01.07.2016 12:00;26.3;35;
01.07.2016 9:00;24.4;37;
01.07.2016 6:00;18.9;60;
01.07.2016 3:00;14.9;77;
01.07.2016 0:00;17.6;65;
30.06.2016 21:00;23.3;40;
30.06.2016 18:00;26;32;
30.06.2016 15:00;26;32;
30.06.2016 12:00;24.7;38;
30.06.2016 9:00;23;43;
30.06.2016 6:00;17.1;68;
30.06.2016 3:00;14.8;80;
30.06.2016 0:00;19;56;
29.06.2016 21:00;21.9;42;
29.06.2016 18:00;25.2;32;
29.06.2016 15:00;26;29;
29.06.2016 12:00;23.4;37;
29.06.2016 9:00;21.2;48;
29.06.2016 6:00;14.3;73;
29.06.2016 3:00;12.9;79;
29.06.2016 0:00;15.7;67;
28.06.2016 21:00;20.3;48;
28.06.2016 18:00;23.3;33;
28.06.2016 15:00;21.9;48;
28.06.2016 12:00;20.1;54;
28.06.2016 9:00;18.9;62;
28.06.2016 6:00;18.6;60;
28.06.2016 3:00;18.7;64;
28.06.2016 0:00;19.5;76;
27.06.2016 21:00;21.8;68;
27.06.2016 18:00;25.1;62;
27.06.2016 15:00;26.5;56;
27.06.2016 12:00;28.1;55;
27.06.2016 9:00;27.9;52;
27.06.2016 6:00;22.9;69;
27.06.2016 3:00;22.9;67;
27.06.2016 0:00;23.9;62;
26.06.2016 21:00;26.9;46;
26.06.2016 18:00;31;31;
26.06.2016 15:00;31.8;35;
26.06.2016 12:00;30.3;40;
26.06.2016 9:00;27.6;51;
26.06.2016 6:00;22.4;67;
26.06.2016 3:00;20.8;74;
26.06.2016 0:00;23;62;
25.06.2016 21:00;24;56;
25.06.2016 18:00;28.1;38;
25.06.2016 15:00;27.7;44;
25.06.2016 12:00;25.3;54;
25.06.2016 9:00;22.3;67;0.1
25.06.2016 6:00;20.6;73;0.1
25.06.2016 3:00;19.8;78;
25.06.2016 0:00;20.9;67;
24.06.2016 21:00;22.3;54;
24.06.2016 18:00;25;38;
24.06.2016 15:00;26;35;
24.06.2016 12:00;24.3;41;
24.06.2016 9:00;23.3;49;
24.06.2016 6:00;18.1;75;
24.06.2016 3:00;16;83;
24.06.2016 0:00;17.4;76;
23.06.2016 21:00;21.9;50;
23.06.2016 18:00;23.8;45;
23.06.2016 15:00;24;44;
23.06.2016 12:00;23.2;49;
23.06.2016 9:00;20.7;60;
23.06.2016 6:00;17;78;
23.06.2016 3:00;16.7;77;
23.06.2016 0:00;17.8;72;
22.06.2016 21:00;20.6;61;
22.06.2016 18:00;23.4;49;
22.06.2016 15:00;25.8;43;
22.06.2016 12:00;25.1;46;
22.06.2016 9:00;23.7;60;0.4
22.06.2016 6:00;20.8;77;0.4
22.06.2016 3:00;20.5;76;
22.06.2016 0:00;22.7;74;
21.06.2016 21:00;26.6;51;0.1
21.06.2016 18:00;28;44;0.1
21.06.2016 15:00;28.1;43;
21.06.2016 12:00;28.1;40;
21.06.2016 9:00;26.8;41;
21.06.2016 6:00;19.4;77;
21.06.2016 3:00;15.6;86;
21.06.2016 0:00;20;61;
20.06.2016 21:00;24.1;44;
20.06.2016 18:00;26.8;32;
20.06.2016 15:00;26.8;30;
20.06.2016 12:00;25.7;33;
20.06.2016 9:00;23.9;43;
20.06.2016 6:00;18.7;67;
20.06.2016 3:00;16.2;85;
20.06.2016 0:00;16.9;81;
19.06.2016 21:00;22.2;55;
19.06.2016 18:00;24.4;48;
19.06.2016 15:00;27.3;36;
19.06.2016 12:00;25.1;44;
19.06.2016 9:00;23.4;63;4
19.06.2016 6:00;18;94;9
19.06.2016 3:00;16.7;96;
19.06.2016 0:00;17.7;95;
18.06.2016 21:00;20;92;5
18.06.2016 18:00;27.2;52;
18.06.2016 15:00;27.9;54;
18.06.2016 12:00;28.6;49;
18.06.2016 9:00;26.1;57;
18.06.2016 6:00;21.7;72;
18.06.2016 3:00;17.9;89;
18.06.2016 0:00;18;84;
17.06.2016 21:00;23;58;
17.06.2016 18:00;26.6;43;
17.06.2016 15:00;27.7;41;
17.06.2016 12:00;26.4;46;
17.06.2016 9:00;23.1;68;0.7
17.06.2016 6:00;17.7;96;1
17.06.2016 3:00;16.2;95;
17.06.2016 0:00;17.1;93;
16.06.2016 21:00;21.8;71;0.3
16.06.2016 18:00;23.5;68;
16.06.2016 15:00;23;68;
16.06.2016 12:00;22.8;64;
16.06.2016 9:00;21;69;0.3
16.06.2016 6:00;19.3;78;0.3
16.06.2016 3:00;17.7;88;
16.06.2016 0:00;19.7;79;
15.06.2016 21:00;21.9;64;
15.06.2016 18:00;23.6;57;
15.06.2016 15:00;23.7;55;
15.06.2016 12:00;20.7;64;
15.06.2016 9:00;16.8;67;
15.06.2016 6:00;14.3;72;
15.06.2016 3:00;14.2;67;
15.06.2016 0:00;13.8;74;
14.06.2016 21:00;16.1;52;
14.06.2016 18:00;21;33;
14.06.2016 15:00;21.1;32;
14.06.2016 12:00;20.3;31;
14.06.2016 9:00;18.9;34;
14.06.2016 6:00;10.3;86;
14.06.2016 3:00;7.4;91;
14.06.2016 0:00;10.2;75;
13.06.2016 21:00;14.8;53;
13.06.2016 18:00;17.5;42;
13.06.2016 15:00;16.5;48;
13.06.2016 12:00;15.5;54;
13.06.2016 9:00;12.2;67;
13.06.2016 6:00;10.5;81;
13.06.2016 3:00;10.3;84;
13.06.2016 0:00;11;80;
12.06.2016 21:00;12;71;2
12.06.2016 18:00;12.4;69;2
12.06.2016 15:00;10.5;86;
12.06.2016 12:00;12.7;65;
12.06.2016 9:00;12.1;69;14
12.06.2016 6:00;10.8;92;14
12.06.2016 3:00;10;95;
12.06.2016 0:00;12.2;91;
11.06.2016 21:00;13;88;6
11.06.2016 18:00;13.1;93;9
11.06.2016 15:00;16.6;80;
11.06.2016 12:00;14.9;83;
11.06.2016 9:00;13.4;92;3
11.06.2016 6:00;13.2;83;
11.06.2016 3:00;10.8;77;
11.06.2016 0:00;10.1;75;
10.06.2016 21:00;15.1;47;
10.06.2016 18:00;18.6;34;
10.06.2016 15:00;19.2;30;
10.06.2016 12:00;18.5;33;
10.06.2016 9:00;16;42;
10.06.2016 6:00;9.8;97;
10.06.2016 3:00;8.6;96;
10.06.2016 0:00;11.5;93;
09.06.2016 21:00;13.4;85;6
09.06.2016 18:00;14.7;77;6
09.06.2016 15:00;13.2;87;
09.06.2016 12:00;16.7;64;
09.06.2016 9:00;14.1;74;0.5
09.06.2016 6:00;11.2;81;0.3
09.06.2016 3:00;11.2;81;0.5
09.06.2016 0:00;12.5;64;
08.06.2016 21:00;14.5;53;
08.06.2016 18:00;16.6;40;
08.06.2016 15:00;15.2;40;
08.06.2016 12:00;13;46;
08.06.2016 9:00;10.5;46;
08.06.2016 6:00;7.6;62;
08.06.2016 3:00;6.9;62;
08.06.2016 0:00;7.6;55;
07.06.2016 21:00;9.2;53;2
07.06.2016 18:00;9.4;57;3
07.06.2016 15:00;8.3;61;
07.06.2016 12:00;7.7;73;
07.06.2016 9:00;6.9;79;3
07.06.2016 6:00;6.4;82;4
07.06.2016 3:00;6.9;87;
07.06.2016 0:00;7.1;89;
06.06.2016 21:00;7.1;90;3
06.06.2016 18:00;7.5;88;2
06.06.2016 15:00;8.2;82;
06.06.2016 12:00;9.1;83;
06.06.2016 9:00;9.8;75;
06.06.2016 6:00;9;82;
06.06.2016 3:00;9.5;79;
06.06.2016 0:00;9.6;81;
05.06.2016 21:00;10.5;72;
05.06.2016 18:00;11.4;66;
05.06.2016 15:00;15.5;47;
05.06.2016 12:00;16.3;45;
05.06.2016 9:00;13.6;61;
05.06.2016 6:00;12.3;75;
05.06.2016 3:00;11.3;94;
05.06.2016 0:00;14.1;82;
04.06.2016 21:00;14.3;88;10
04.06.2016 18:00;15.8;88;10
04.06.2016 15:00;17.6;81;
04.06.2016 12:00;24.6;43;
04.06.2016 9:00;21;60;
04.06.2016 6:00;15.7;80;
04.06.2016 3:00;11.7;94;
04.06.2016 0:00;13.5;83;
03.06.2016 21:00;17;67;0.1
03.06.2016 18:00;20.5;49;0.1
03.06.2016 15:00;19.3;62;
03.06.2016 12:00;21.7;42;
03.06.2016 9:00;19.2;47;
03.06.2016 6:00;14.7;73;
03.06.2016 3:00;13.1;72;
03.06.2016 0:00;15.7;58;
02.06.2016 21:00;19.2;38;
02.06.2016 18:00;21.1;29;
02.06.2016 15:00;20.8;28;
02.06.2016 12:00;19.5;29;
02.06.2016 9:00;20.4;30;
02.06.2016 6:00;12.2;80;
02.06.2016 3:00;9.7;79;
02.06.2016 0:00;10.5;72;
01.06.2016 21:00;16.6;38;
01.06.2016 18:00;19.3;30;
01.06.2016 15:00;20.2;30;
01.06.2016 12:00;17.6;33;
01.06.2016 9:00;16.5;39;
01.06.2016 6:00;11;67;
01.06.2016 3:00;9.3;79;
01.06.2016 0:00;13.8;45;
31.05.2016 21:00;17.6;38;
31.05.2016 18:00;20.9;29;
31.05.2016 15:00;22.4;27;
31.05.2016 12:00;22;33;
31.05.2016 9:00;18.9;45;
31.05.2016 6:00;15.7;58;
31.05.2016 3:00;16.6;62;
31.05.2016 0:00;18.5;54;
30.05.2016 21:00;22;39;
30.05.2016 18:00;24.4;37;
30.05.2016 15:00;25.7;33;
30.05.2016 12:00;25.4;34;
30.05.2016 9:00;22.2;55;
30.05.2016 6:00;16.8;84;
30.05.2016 3:00;16.2;85;
30.05.2016 0:00;19.1;71;
29.05.2016 21:00;22.4;60;
29.05.2016 18:00;25.2;49;
29.05.2016 15:00;24.4;54;
29.05.2016 12:00;24.4;57;
29.05.2016 9:00;18.9;79;
29.05.2016 6:00;17;88;3
29.05.2016 3:00;17.5;82;
29.05.2016 0:00;19.8;71;
28.05.2016 21:00;22.1;62;3
28.05.2016 18:00;25.1;41;
28.05.2016 15:00;26;38;
28.05.2016 12:00;25.5;42;
28.05.2016 9:00;22.1;58;
28.05.2016 6:00;17.2;75;
28.05.2016 3:00;16.1;79;
28.05.2016 0:00;19.3;67;
27.05.2016 21:00;20.9;61;
27.05.2016 18:00;25.3;34;
27.05.2016 15:00;25.1;38;
27.05.2016 12:00;25.4;39;
27.05.2016 9:00;22.8;55;
27.05.2016 6:00;13.7;97;
27.05.2016 3:00;13;96;
27.05.2016 0:00;14.9;92;
26.05.2016 21:00;19.1;68;
26.05.2016 18:00;21.2;54;
26.05.2016 15:00;24.7;31;
26.05.2016 12:00;21.6;47;
26.05.2016 9:00;21.4;46;
26.05.2016 6:00;11.8;97;
26.05.2016 3:00;10.6;95;
26.05.2016 0:00;12.7;88;
25.05.2016 21:00;17.6;60;
25.05.2016 18:00;20.9;45;2
25.05.2016 15:00;21.4;50;
25.05.2016 12:00;20.1;57;
25.05.2016 9:00;15.4;93;4
25.05.2016 6:00;14.4;96;5
25.05.2016 3:00;14.3;96;
25.05.2016 0:00;13.9;95;
24.05.2016 21:00;14.4;91;4
24.05.2016 18:00;14.8;85;2
24.05.2016 15:00;19.5;62;
24.05.2016 12:00;20;46;
24.05.2016 9:00;17.6;67;
24.05.2016 6:00;10.2;99;5
24.05.2016 3:00;8.7;98;
24.05.2016 0:00;10.4;97;
23.05.2016 21:00;13;96;5
23.05.2016 18:00;17.3;67;0.5
23.05.2016 15:00;18.7;53;
23.05.2016 12:00;15.7;70;
23.05.2016 9:00;13.1;88;9
23.05.2016 6:00;11.4;94;10
23.05.2016 3:00;11.2;93;
23.05.2016 0:00;10.8;94;
22.05.2016 21:00;11.8;91;4
22.05.2016 18:00;12.8;90;3
22.05.2016 15:00;14.9;69;
22.05.2016 12:00;13.3;78;
22.05.2016 9:00;10.3;92;5
22.05.2016 6:00;10.2;93;5
22.05.2016 3:00;10.1;92;
22.05.2016 0:00;10.2;93;
21.05.2016 21:00;10.8;92;4
21.05.2016 18:00;11.2;90;3
21.05.2016 15:00;15.8;62;
21.05.2016 12:00;14.7;60;
21.05.2016 9:00;10.3;80;
21.05.2016 6:00;9.2;85;
21.05.2016 3:00;8.2;92;
21.05.2016 0:00;9.9;89;
20.05.2016 21:00;10.3;91;9
20.05.2016 18:00;12.7;88;12
20.05.2016 15:00;14.4;94;
20.05.2016 12:00;14;91;
20.05.2016 9:00;12.3;93;4
20.05.2016 6:00;11.9;88;0.9
20.05.2016 3:00;12.5;85;
20.05.2016 0:00;13.9;79;
19.05.2016 21:00;14.6;81;8
19.05.2016 18:00;15.3;85;8
19.05.2016 15:00;16.2;83;
19.05.2016 12:00;15.1;86;
19.05.2016 9:00;13.7;84;0.3
19.05.2016 6:00;12.6;90;0.3
19.05.2016 3:00;12.6;88;
19.05.2016 0:00;13.7;80;
18.05.2016 21:00;13.6;83;
18.05.2016 18:00;14.3;76;
18.05.2016 15:00;14.4;74;
18.05.2016 12:00;14.5;74;
18.05.2016 9:00;14.3;72;
18.05.2016 6:00;13.2;77;
18.05.2016 3:00;13.1;78;
18.05.2016 0:00;13.5;78;
17.05.2016 21:00;13.6;76;
17.05.2016 18:00;15.1;69;
17.05.2016 15:00;13.9;74;
17.05.2016 12:00;13.1;76;
17.05.2016 9:00;11.8;85;0.1
17.05.2016 6:00;11;91;0.1
17.05.2016 3:00;10.6;93;
17.05.2016 0:00;10.4;92;
16.05.2016 21:00;11.2;84;
16.05.2016 18:00;11.8;78;
16.05.2016 15:00;13;65;
16.05.2016 12:00;12.2;64;
16.05.2016 9:00;10.9;64;
16.05.2016 6:00;10.4;58;
16.05.2016 3:00;10.8;54;
16.05.2016 0:00;11.3;52;
15.05.2016 21:00;13.2;38;
15.05.2016 18:00;14.8;32;
15.05.2016 15:00;15.8;29;
15.05.2016 12:00;15.6;25;
15.05.2016 9:00;13.5;36;
15.05.2016 6:00;7.4;59;
15.05.2016 3:00;9.2;51;
15.05.2016 0:00;11.6;42;
14.05.2016 21:00;14;31;
14.05.2016 18:00;17.2;24;
14.05.2016 15:00;17.8;24;
14.05.2016 12:00;16;27;
14.05.2016 9:00;13.6;35;
14.05.2016 6:00;5.3;68;
14.05.2016 3:00;4.1;81;
14.05.2016 0:00;8.4;56;
13.05.2016 21:00;12.2;35;
13.05.2016 18:00;15;28;
13.05.2016 15:00;15.6;26;
13.05.2016 12:00;13.3;33;
13.05.2016 9:00;11.3;43;
13.05.2016 6:00;6.1;63;
13.05.2016 3:00;6;66;
13.05.2016 0:00;8.2;61;
12.05.2016 21:00;10.7;50;
12.05.2016 18:00;12.2;42;2
12.05.2016 15:00;11.7;48;
12.05.2016 12:00;9.7;61;
12.05.2016 9:00;7.2;86;2
12.05.2016 6:00;9.2;71;
12.05.2016 3:00;13.6;70;
12.05.2016 0:00;15.9;57;
11.05.2016 21:00;18.7;39;
11.05.2016 18:00;23.8;23;
11.05.2016 15:00;26.1;21;
11.05.2016 12:00;24.5;23;
11.05.2016 9:00;21.5;34;
11.05.2016 6:00;12.1;82;
11.05.2016 3:00;9.3;86;
11.05.2016 0:00;11.3;73;
10.05.2016 21:00;15.9;58;
10.05.2016 18:00;22.2;28;
10.05.2016 15:00;22.7;27;
10.05.2016 12:00;21.4;33;
10.05.2016 9:00;18.3;43;
10.05.2016 6:00;10.3;77;
10.05.2016 3:00;10.4;69;
10.05.2016 0:00;12.4;65;
09.05.2016 21:00;17.3;41;
09.05.2016 18:00;23.5;17;
09.05.2016 15:00;24.7;19;
09.05.2016 12:00;25;20;
09.05.2016 9:00;22;25;
09.05.2016 6:00;9.2;85;
09.05.2016 3:00;8.3;81;
09.05.2016 0:00;10.8;68;
08.05.2016 21:00;15.7;50;
08.05.2016 18:00;22.6;23;
08.05.2016 15:00;23.7;18;
08.05.2016 12:00;22.8;22;
08.05.2016 9:00;18.7;34;
08.05.2016 6:00;8.7;81;
08.05.2016 3:00;7.6;78;
08.05.2016 0:00;9.7;66;
07.05.2016 21:00;14.2;50;
07.05.2016 18:00;21.8;18;
07.05.2016 15:00;22.6;18;
07.05.2016 12:00;22.1;20;
07.05.2016 9:00;18.4;31;
07.05.2016 6:00;7.1;90;
07.05.2016 3:00;7.4;85;
07.05.2016 0:00;10.5;72;
06.05.2016 21:00;14.1;60;
06.05.2016 18:00;19.8;31;
06.05.2016 15:00;20.2;30;
06.05.2016 12:00;18.5;37;
06.05.2016 9:00;15.3;55;
06.05.2016 6:00;7.8;90;
06.05.2016 3:00;8.9;80;
06.05.2016 0:00;9.6;75;
05.05.2016 21:00;11.7;62;0.3
05.05.2016 18:00;12.7;53;0.3
05.05.2016 15:00;11.8;58;
05.05.2016 12:00;9.5;70;
05.05.2016 9:00;6.8;85;1
05.05.2016 6:00;6.5;84;0.6
05.05.2016 3:00;9.6;70;
05.05.2016 0:00;11.4;60;
04.05.2016 21:00;16.1;31;
04.05.2016 18:00;18;31;
04.05.2016 15:00;19.3;27;
04.05.2016 12:00;19.2;27;
04.05.2016 9:00;17.7;33;
04.05.2016 6:00;8.5;74;
04.05.2016 3:00;10.3;63;
04.05.2016 0:00;11.3;66;
03.05.2016 21:00;14.2;44;
03.05.2016 18:00;18.1;26;
03.05.2016 15:00;21.1;19;
03.05.2016 12:00;19.9;22;
03.05.2016 9:00;16.6;36;
03.05.2016 6:00;9.8;66;
03.05.2016 3:00;9;66;
03.05.2016 0:00;10;62;
02.05.2016 21:00;15.3;39;
02.05.2016 18:00;19.4;23;
02.05.2016 15:00;20;20;
02.05.2016 12:00;19.5;21;
02.05.2016 9:00;16.5;28;
02.05.2016 6:00;7.7;67;
02.05.2016 3:00;6;63;
02.05.2016 0:00;8.9;56;
01.05.2016 21:00;13.4;37;
01.05.2016 18:00;17.1;20;
01.05.2016 15:00;16.8;21;
01.05.2016 12:00;15.9;20;
01.05.2016 9:00;13.1;29;
01.05.2016 6:00;3.9;73;
01.05.2016 3:00;3.8;67;
01.05.2016 0:00;7.1;50;
30.04.2016 21:00;12.1;28;
30.04.2016 18:00;15.8;22;
30.04.2016 15:00;15.6;24;
30.04.2016 12:00;16.2;27;
30.04.2016 9:00;11.4;43;
30.04.2016 6:00;7.1;66;
30.04.2016 3:00;6.4;81;
30.04.2016 0:00;9;70;
29.04.2016 21:00;13.5;42;
29.04.2016 18:00;17.1;21;
29.04.2016 15:00;17.8;22;
29.04.2016 12:00;17;27;
29.04.2016 9:00;13;35;
29.04.2016 6:00;6.9;56;
29.04.2016 3:00;9.9;42;
29.04.2016 0:00;12.7;32;
28.04.2016 21:00;15.1;31;
28.04.2016 18:00;17.5;31;
28.04.2016 15:00;16.5;41;
28.04.2016 12:00;15.4;43;
28.04.2016 9:00;14;52;0.3
28.04.2016 6:00;11.6;75;0.3
28.04.2016 3:00;11.8;82;
28.04.2016 0:00;12.1;85;
27.04.2016 21:00;12.8;83;0.5
27.04.2016 18:00;12.4;86;0.5
27.04.2016 15:00;12.9;76;
27.04.2016 12:00;12.4;85;
27.04.2016 9:00;12.1;87;0.5
27.04.2016 6:00;11.8;87;1
27.04.2016 3:00;11.9;86;
27.04.2016 0:00;12.1;84;
26.04.2016 21:00;12;84;0.6
26.04.2016 18:00;14.8;66;
26.04.2016 15:00;18.8;45;
26.04.2016 12:00;13.5;71;
26.04.2016 9:00;15.1;54;2
26.04.2016 6:00;13.4;57;2
26.04.2016 3:00;13.5;57;
26.04.2016 0:00;11.5;76;
25.04.2016 21:00;12.5;72;0.4
25.04.2016 18:00;14.6;62;
25.04.2016 15:00;15.4;53;
25.04.2016 12:00;16;41;
25.04.2016 9:00;12.5;46;
25.04.2016 6:00;9.4;54;
25.04.2016 3:00;9.4;53;
25.04.2016 0:00;10.7;44;
24.04.2016 21:00;12.2;35;
24.04.2016 18:00;12.7;33;
24.04.2016 15:00;13.3;29;
24.04.2016 12:00;11.7;33;
24.04.2016 9:00;8.4;53;
24.04.2016 6:00;0.3;92;
24.04.2016 3:00;2.1;82;
24.04.2016 0:00;3.9;70;
23.04.2016 21:00;6.8;50;0.3
23.04.2016 18:00;9.4;33;0.3
23.04.2016 15:00;8.7;34;
23.04.2016 12:00;7.8;51;
23.04.2016 9:00;4;76;4
23.04.2016 6:00;1.5;87;6
23.04.2016 3:00;2.5;95;
23.04.2016 0:00;3;91;
22.04.2016 21:00;3.7;89;2
22.04.2016 18:00;6.6;60;
22.04.2016 15:00;8.7;36;
22.04.2016 12:00;5.6;65;
22.04.2016 9:00;4;75;
22.04.2016 6:00;3;83;
22.04.2016 3:00;2.4;86;
22.04.2016 0:00;4.1;80;
21.04.2016 21:00;5.9;72;
21.04.2016 18:00;8.9;46;
21.04.2016 15:00;7.4;55;
21.04.2016 12:00;7.2;61;
21.04.2016 9:00;6.3;68;
21.04.2016 6:00;1.5;90;0.1
21.04.2016 3:00;1.7;82;
21.04.2016 0:00;2.9;90;
20.04.2016 21:00;4.9;78;0.8
20.04.2016 18:00;7;74;0.7
20.04.2016 15:00;10.9;57;
20.04.2016 12:00;10.4;48;
20.04.2016 9:00;8.6;54;
20.04.2016 6:00;6.1;69;
20.04.2016 3:00;6.9;61;
20.04.2016 0:00;7;66;
19.04.2016 21:00;8.9;56;
19.04.2016 18:00;10.7;48;
19.04.2016 15:00;12.4;41;
19.04.2016 12:00;11.8;44;
19.04.2016 9:00;9.8;53;
19.04.2016 6:00;3.4;81;
19.04.2016 3:00;4.7;71;
19.04.2016 0:00;9.4;47;
18.04.2016 21:00;11.5;37;
18.04.2016 18:00;14.4;57;
18.04.2016 15:00;12.3;74;
18.04.2016 12:00;15.1;56;
18.04.2016 9:00;10.7;60;
18.04.2016 6:00;7.4;66;
18.04.2016 3:00;5.8;67;
18.04.2016 0:00;6.3;61;
17.04.2016 21:00;8.5;50;
17.04.2016 18:00;13;31;
17.04.2016 15:00;13.2;30;
17.04.2016 12:00;10.9;33;
17.04.2016 9:00;7.6;56;
17.04.2016 6:00;-1;98;
17.04.2016 3:00;0.3;96;
17.04.2016 0:00;0.7;97;
16.04.2016 21:00;1.6;90;4
16.04.2016 18:00;3.6;76;6
16.04.2016 15:00;2.7;87;
16.04.2016 12:00;1.9;86;
16.04.2016 9:00;2.1;93;6
16.04.2016 6:00;2.9;92;3
16.04.2016 3:00;4;86;
16.04.2016 0:00;5.8;74;
15.04.2016 21:00;7.5;67;0.1
15.04.2016 18:00;11.2;68;0.1
15.04.2016 15:00;11.8;74;
15.04.2016 12:00;10.9;84;
15.04.2016 9:00;9.8;88;1
15.04.2016 6:00;9.6;92;4
15.04.2016 3:00;9.4;94;
15.04.2016 0:00;10.6;94;
14.04.2016 21:00;11.4;93;3
14.04.2016 18:00;16.7;49;
14.04.2016 15:00;18.3;40;
14.04.2016 12:00;15.4;49;
14.04.2016 9:00;10.1;62;
14.04.2016 6:00;7.4;66;
14.04.2016 3:00;4.7;70;
14.04.2016 0:00;5.9;63;
13.04.2016 21:00;11;39;
13.04.2016 18:00;15.2;27;
13.04.2016 15:00;15.8;27;
13.04.2016 12:00;13.3;36;
13.04.2016 9:00;9.8;57;
13.04.2016 6:00;0.9;85;
13.04.2016 3:00;2.2;77;
13.04.2016 0:00;4.5;65;
12.04.2016 21:00;9;44;
12.04.2016 18:00;13;32;
12.04.2016 15:00;14;31;
12.04.2016 12:00;12.1;35;
12.04.2016 9:00;7.6;59;
12.04.2016 6:00;-0.1;92;
12.04.2016 3:00;1.2;87;
12.04.2016 0:00;2.4;83;
11.04.2016 21:00;7.7;55;1
11.04.2016 18:00;11;44;1
11.04.2016 15:00;10.8;53;
11.04.2016 12:00;9.5;65;
11.04.2016 9:00;5.7;85;
11.04.2016 6:00;6;81;
11.04.2016 3:00;6.6;79;
11.04.2016 0:00;7.2;85;
10.04.2016 21:00;8.5;83;
10.04.2016 18:00;10.2;80;
10.04.2016 15:00;11.1;76;
10.04.2016 12:00;12.3;70;
10.04.2016 9:00;13.1;76;
10.04.2016 6:00;10.5;84;
10.04.2016 3:00;11.7;80;
10.04.2016 0:00;15.2;65;
09.04.2016 21:00;11.7;76;
09.04.2016 18:00;16.6;55;0.6
09.04.2016 15:00;17.1;50;
09.04.2016 12:00;14.2;57;
09.04.2016 9:00;8.8;78;0.6
09.04.2016 6:00;5.1;83;
09.04.2016 3:00;5.8;78;
09.04.2016 0:00;8.7;66;
08.04.2016 21:00;10.3;60;
08.04.2016 18:00;13.7;43;
08.04.2016 15:00;13.6;44;
08.04.2016 12:00;11;56;
08.04.2016 9:00;8.8;67;
08.04.2016 6:00;1.1;97;
08.04.2016 3:00;4.9;90;
08.04.2016 0:00;6;88;
07.04.2016 21:00;6.4;86;3
07.04.2016 18:00;6.6;88;3
07.04.2016 15:00;6.9;84;
07.04.2016 12:00;5;83;
07.04.2016 9:00;6.1;48;
07.04.2016 6:00;5.1;47;
07.04.2016 3:00;4.7;45;
07.04.2016 0:00;6.9;35;
06.04.2016 21:00;7.6;36;
06.04.2016 18:00;9.5;27;
06.04.2016 15:00;11;22;
06.04.2016 12:00;8.1;30;
06.04.2016 9:00;4.6;47;
06.04.2016 6:00;-1.3;79;
06.04.2016 3:00;-2.3;76;
06.04.2016 0:00;-0.7;65;
05.04.2016 21:00;2.8;47;
05.04.2016 18:00;7.6;30;
05.04.2016 15:00;7.5;30;
05.04.2016 12:00;5.6;35;
05.04.2016 9:00;2.3;55;
05.04.2016 6:00;-0.3;70;
05.04.2016 3:00;-0.2;85;
05.04.2016 0:00;3.4;66;
04.04.2016 21:00;6;47;
04.04.2016 18:00;7;44;
04.04.2016 15:00;7.5;45;
04.04.2016 12:00;3.6;66;
04.04.2016 9:00;3.5;64;
04.04.2016 6:00;1.6;75;
04.04.2016 3:00;3.1;70;
04.04.2016 0:00;3.6;67;
03.04.2016 21:00;4.6;62;
03.04.2016 18:00;5.3;60;
03.04.2016 15:00;6.2;59;
03.04.2016 12:00;6;63;
03.04.2016 9:00;3.7;74;0.3
03.04.2016 6:00;2.2;83;1
03.04.2016 3:00;2.1;86;
03.04.2016 0:00;2.1;86;
02.04.2016 21:00;2.3;89;1
02.04.2016 18:00;2.3;88;0.7
02.04.2016 15:00;2.7;75;
02.04.2016 12:00;3;80;
02.04.2016 9:00;1.8;93;1
02.04.2016 6:00;1.4;93;0.6
02.04.2016 3:00;2.5;88;
02.04.2016 0:00;3;85;
01.04.2016 21:00;3.6;82;0.3
01.04.2016 18:00;3.9;80;0.3
01.04.2016 15:00;4.4;76;
01.04.2016 12:00;3.3;86;
01.04.2016 9:00;2.6;90;0.9
01.04.2016 6:00;2.1;92;3
01.04.2016 3:00;2.2;93;
01.04.2016 0:00;2.6;91;
