Doy,date ,vegetation_day,phase,NEE_f_sums,Reco,GPP,SWC_1,Tsoil_f,PAR_Den_Avg,Tair_f,Rain_mm_Tot_sums
115,40292,1,seeds,180,200,19.8,0.34,15,27.027275,11.725,0
116,40293,2,seeds,181,204,22.3,0.33,16,100,10.875,0
117,40294,3,seeds,181.9167965,205.9167965,24.6,0.32,18.12176675,192.650575,16.425,0
118,40295,4,germination,184.1167478,208.1167478,23.8,0.31,18.21994175,365.321675,21.325,0
119,40296,5,germination,193.8720346,217.8720346,24.5,0.3,18.66172925,100,12.4125,32
120,40297,6,germination,182.7208809,211.7208809,28.7,0.29,18.3819305,71.076025,12.975,0
121,40298,7,germination,170.2525229,200.2525229,32,0.2873,17.8714205,195.2935,16.5,35
122,40299,8,germination,176.3702957,213.3702957,35.6,0.2847,18.4565435,67.1116375,12.8625,13
123,40300,9,germination,176.0937941,221.0937941,45,0.2821,18.8099735,136.268175,14.825,0
124,40301,10,germination,163.5569235,218.5569235,55,0.2795,18.69314525,313.7846375,19.8625,0
125,40302,11,germination,158.6210728,218.6210728,60,0.2769,18.6960905,229.651525,17.475,0
126,40303,12,germination,154.1718152,218.1718152,64,0.2743,18.67547375,142.8754875,15.0125,0
127,40304,13,germination,139.2403214,213.2403214,74,0.2717,18.450653,68.4331,12.9,0
128,40305,14,sprouting,138.659694,215.659694,77,0.2691,18.560609,127.0179375,14.5625,0
129,40306,15,sprouting,141.2691756,224.2691756,83,0.2665,18.957236,212.913,17,0
130,40307,16,sprouting,145.6638518,235.6638518,90,0.2639,19.495235,278.986125,18.875,0
131,40308,17,sprouting,147.9470536,247.9470536,100,0.2613,20.0922987,320.8324375,20.0625,0
132,40309,18,sprouting,120.8683041,255.8683041,135,0.258782845,20.48699963,309.82025,19.75,0
133,40310,19,sprouting,-31.66048384,221.5614347,253.2219185,0.256265689,21.85388731,469.7775928,22.1645333,0.1
134,40311,20,sprouting,-89.32505241,268.282522,357.6075744,0.253062479,19.94061813,433.8757383,22.02547659,0.3
135,40312,21,sprouting,-149.9930171,249.294456,399.2874731,0.251640985,21.12875583,546.2941046,24.41837063,0
136,40313,22,tillering,-129.9137685,266.7301182,396.6438867,0.250734308,21.86370792,516.4185797,24.24047111,0.6
137,40314,23,tillering,-133.8638951,243.1667069,377.030602,0.248133169,21.81836479,577.4687955,24.42107906,9.3
138,40315,24,tillering,-131.8308363,273.3066288,405.1374651,0.246173646,22.00517792,630.2572529,25.38210025,0
139,40316,25,tillering,-165.2668993,370.0879873,535.3548866,0.245662019,21.66478354,469.8015641,21.85417573,0.3
140,40317,26,tillering,-86.01883847,294.4784253,380.4972638,0.336554819,20.67657958,414.1610634,20.42563285,29.9
141,40318,27,tillering,-134.4416502,258.5001028,392.941753,0.443161433,20.57003771,504.4798797,21.61643635,5.4
142,40319,28,tillering,-180.254245,284.514926,464.7691713,0.438909692,20.52670292,514.3551018,20.6321783,10
143,40320,29,tillering,-140.5609554,309.9073381,450.4682935,0.43866711,20.51961604,530.9715128,22.58631608,0
144,40321,30,tillering,-135.9803061,265.6563086,401.6366147,0.423095785,20.35521417,475.2255318,23.57492639,0
145,40322,31,tillering,-47.92413736,240.2685944,288.1927317,0.412191223,18.86579542,225.9945144,18.78688977,2.3
146,40323,32,tillering,-210.2525594,252.221098,462.4736574,0.405400419,20.27662333,641.3220667,19.58239856,0
147,40324,33,tillering,-187.0958034,225.2307493,412.3265527,0.396380473,19.31896875,381.2840138,19.22893656,5.9
148,40325,34,tillering,-253.7884478,203.4996109,457.2880587,0.391212692,19.39235146,450.6007268,19.13962541,0
149,40326,35,tillering,-244.3936025,246.0619248,490.4555273,0.386241121,19.16384039,218.0313305,17.04227138,0
150,40327,36,tillering,-224.1875367,248.6931994,472.8807361,0.385409485,19.16321559,339.1073838,20.49497772,0
151,40328,37,tillering,-256.0716828,285.4849332,541.5566162,0.380801491,19.20183712,382.0477265,21.71950057,0
152,40329,38,tillering,-261.519645,242.5611809,504.0808259,0.376369306,19.3924305,403.5336901,22.33221234,0
153,40330,39,tillering,-31.03985931,156.3590574,187.3989167,0.372101854,19.57992627,310.1307279,19.66865509,0
154,40331,40,tillering,-138.0489445,205.3385594,343.3875039,0.36798902,19.22812064,267.421585,18.45072533,0
155,40332,41,tillering,-282.7818215,141.2251952,424.0070167,0.364021541,19.28040408,382.2947747,21.7265456,0
156,40333,42,tillering,-293.9991031,244.8069108,538.8060139,0.360190918,19.3335805,420.2905895,22.81006614,0
157,40334,43,leaf tube formation,-285.0689955,326.3535158,611.4225111,0.356489338,19.71556186,324.6158251,20.08172427,0
158,40335,44,leaf tube formation,-282.4827119,279.9964196,562.4791315,0.3529096,19.56945423,339.3177772,20.50097748,0
159,40336,45,leaf tube formation,-256.7497481,268.1663931,524.9161412,0.349445058,19.3924305,397.4681403,22.15924203,0
160,40337,46,leaf tube formation,-187.3352819,278.1584524,465.4937343,0.346089568,19.57992627,314.8026627,19.8018839,0
161,40338,47,leaf tube formation,-228.6490104,315.7994011,544.4484116,0.342837435,19.22812064,397.994663,22.1742568,0
162,40339,48,leaf tube formation,-176.2682459,346.5194079,522.7876537,0.339683376,19.28040408,460.3936488,23.95367864,0
163,40340,49,leaf tube formation,-100.6282631,349.5888892,450.2171522,0.336622482,19.85402127,434.6986364,23.2209381,0
164,40341,50,leaf tube formation,-223.3318397,239.0512341,462.3830738,0.333650181,21.05717687,392.5784601,22.01980381,0
165,40342,51,milky ripeness,-261.6873395,279.1376099,540.8249495,0.330762213,21.38993598,435.5489163,23.2451854,0
166,40343,52,milky ripeness,-200.6251552,303.0874182,503.7125731,0.327954602,21.57710548,498.8869741,25.05138661,0
167,40344,53,milky ripeness,-268.7056057,273.1156994,541.8213051,0.325223628,22.74021413,523.0447688,25.74029055,0
168,40345,54,milky ripeness,-107.4568593,254.7074557,362.164315,0.322565812,22.74021413,498.4251581,25.03821707,0
169,40346,55,milky ripeness,-163.5693868,314.9418064,478.5111931,0.319977894,22.88605562,323.7877481,20.05811013,0
170,40347,56,milky ripeness,-192.2173353,216.2886238,408.5059591,0.317456814,22.99532186,238.2890896,17.61995864,0
171,40348,57,milky ripeness,-213.7842279,120.3947615,334.1789894,0.314999696,23.25605216,293.6480214,19.1986204,0
172,40349,58,milky ripeness,-227.7361334,110.6985409,338.4346744,0.312603839,23.45573269,322.5424149,20.02259717,0
173,40350,59,milky ripeness,-210.0438475,151.4415908,361.4854383,0.310266698,22.72496456,287.6970465,19.0289174,0
174,40351,60,milky ripeness,-200.9750524,82.12727801,283.1023304,0.307985874,22.74021413,258.7463552,18.20333519,0
175,40352,61,milky ripeness,-205.6215836,123.4555681,329.0771517,0.305759106,22.74021413,392.078397,22.00554359,0
176,40353,62,milky ripeness,-143.1708572,116.1718879,259.342745,0.303584256,22.88605562,526.4801877,25.83825784,0
177,40354,63,milky ripeness,-37.23558208,199.1844661,236.4200481,0.301459306,22.99532186,498.3881993,25.03716313,0
178,40355,64,milky ripeness,-25.33219833,316.6810275,342.0132259,0.299382347,22.59967619,314.2870075,19.78717904,0
179,40356,65,milky ripeness,-58.71254037,241.7439854,300.4565257,0.297351568,22.57585205,257.3304636,21.44517405,0
180,40357,66,wax ripeness,-54.29272616,194.2884059,248.581132,0.287343723,22.57817238,200.3739196,23.10316905,0
181,40358,67,wax ripeness,-47.01681088,210.9935422,258.0103531,0.286167189,22.87792622,435.5115097,23.25566577,0.4
182,40359,68,wax ripeness,-92.59276958,177.0460219,269.6387915,0.286389943,23.03463127,470.1808304,24.55703644,0
183,40360,69,wax ripeness,-98.61913463,163.8365583,262.4556929,0.286323346,23.05378614,504.850151,25.8584071,0
184,40361,70,wax ripeness,-99.88944755,131.5073258,231.3967733,0.284720417,23.43189854,636.3940355,26.16316565,0
185,40362,71,wax ripeness,-45.20411736,134.4972404,179.7013578,0.284624931,24.10216104,588.1305492,26.82798037,0
186,40363,72,wax ripeness,-47.17718718,124.5343013,171.7114885,0.284587223,24.31891381,548.9810933,26.22711709,0
187,40364,73,wax ripeness,-43.64348944,91.03160014,134.6750896,0.287375638,24.95389047,496.0837141,27.07714383,0
188,40365,74,wax ripeness,-38.79993528,78.10295532,116.9028906,0.286720793,26.05606424,443.186335,27.92717056,0
189,40366,75,wax ripeness,-31.59973921,106.6975068,138.297246,0.284971219,25.73294625,559.5635899,24.3425866,0
190,40367,76,wax ripeness,-18.45175218,129.3512899,147.8030421,0.281136677,23.78654667,461.9396292,20.87140709,0.2
191,40368,77,wax ripeness,-12.10806662,106.1976659,118.3057325,0.27935025,23.69067362,161.7685913,15.43783589,0
192,40369,78,wax ripeness,7.562358472,159.8063304,152.2439719,0.279033809,24.25693227,359.4215043,21.31998709,0
193,40370,79,wax ripeness,21.01811995,163.8790377,142.8609178,0.277640897,24.37457234,557.0744173,27.20213828,0
194,40371,80,wax ripeness,53.63144713,210.0921494,156.4607022,0.275859929,23.79704646,350.4770798,23.99060502,13.6
195,40372,81,wax ripeness,103.6533718,195.4686164,91.81524458,0.274183504,23.24162813,585.0395039,23.88620814,0.2
196,40373,82,complete ripeness,153.638671,274.378106,120.7394351,0.273074106,23.33215222,338.5696699,20.18442478,4.5
197,40374,83,complete ripeness,80.28836051,218.1262244,137.8378638,0.274622,22.91984215,369.8187562,21.22315947,0
198,40375,84,complete ripeness,34.78075236,178.6064,143.8256476,0.267960883,22.97331057,401.0678426,22.26189416,0
199,40376,85,complete ripeness,-7.578442037,163.028873,170.607315,0.27123,22.47131615,381.4815851,21.70335601,0
200,40377,86,complete ripeness,-9.430211111,148.7688192,158.1990303,0.270538,22.43897062,430.3813804,23.09782361,0
201,40378,87,complete ripeness,6.824815278,134.8501665,128.0253513,0.269962,21.98430463,313.6166733,19.76806323,0
202,40379,88,complete ripeness,25.10344505,120.5414219,95.43797685,0.269502,20.49358832,196.8519662,16.43830285,0
203,40380,89,complete ripeness,17.99873931,124.4884063,106.4896671,0.269158,19.33432883,227.3110762,17.3069004,0
204,40381,90,complete ripeness,20.06334208,119.7632814,99.69993935,0.26893,18.8641185,246.3496628,17.84982071,0
205,40382,91,complete ripeness,14.80456213,112.9083922,98.10383009,0.268818,18.98117299,265.3882495,18.39274102,0
206,40383,92,complete ripeness,-3.641521667,126.2140858,129.8556075,0.267547569,18.91698688,361.2486668,20.17926067,0
207,40384,93,complete ripeness,-12.38379435,120.3388954,132.7226897,0.26685,18.40013818,184.8577009,16.09626432,0
208,40385,94,complete ripeness,-18.25304259,139.4408539,157.6938965,0.266734327,17.96633101,137.6546488,20.44623263,0
209,40386,95,complete ripeness,-7.469491111,157.0594945,164.5289857,0.266630308,18.50069946,493.6951268,22.0506891,0
210,40387,96,complete ripeness,0.890325509,168.0848486,167.1945231,0.274622,18.5499822,335.2216214,22.01333945,0
211,40388,97,complete ripeness,35.88666185,147.1915706,111.3049088,0.269483317,18.81790017,176.7481161,21.9759898,4.6
212,40389,98,complete ripeness,20.17815088,147.6275993,127.4494484,0.269746813,19.41712198,407.0701222,22.42181429,0
213,40390,99,complete ripeness,4.203918426,128.6588614,124.454943,0.274622,19.88358557,463.6311124,22.90750626,0
214,40391,100,complete ripeness,33.75849,146.6665627,112.9080727,0.273465165,20.78626414,520.1921026,23.39319822,0.1
215,40392,101,complete ripeness,82.56201153,150.4465298,67.88451824,0.270217813,18.83120993,138.4338877,19.06321161,11.4
216,40393,102,complete ripeness,37.7766738,133.8965,96.1198262,0.271137483,19.29545693,343.638503,23.35881428,0.7
217,40394,103,complete ripeness,22.93162056,145.32874,122.3971194,0.272057107,19.31210309,285.9271295,22.66662726,0.9
218,40395,104,complete ripeness,15.82645912,162.7972955,146.9708363,0.274999738,20.0618157,408.8254403,24.3564035,1.6
219,40396,105,complete ripeness,18.37429454,153.3511605,134.976866,0.276405342,20.66919292,365.5174897,23.87266648,6.5
220,40397,106,complete ripeness,5.724895972,152.6867588,146.9618628,0.280630906,20.59915979,467.223112,25.30041873,0
221,40398,107,complete ripeness,-11.49445731,121.6572392,133.1516966,0.28662586,20.87785083,550.2311877,25.19261986,0
222,40399,108,complete ripeness,14.90537519,138.986841,124.0814657,0.289567319,21.28730563,523.8368744,26.75232571,0
223,40400,109,complete ripeness,27.41251083,156.7306708,129.31816,0.293542223,22.64517625,520.5628529,27.41565489,0
224,40401,110,complete ripeness,24.68924991,155.3969943,130.7077444,0.294385023,23.05520583,479.0839959,27.55961021,0
225,40402,111,complete ripeness,-3.717452407,159.7148732,163.4323256,0.294815096,23.40155167,462.3957422,26.31673505,0
226,40403,112,harvest,-9.427186667,128.2495824,137.676769,0.29334996,22.99435646,418.6168808,26.30091896,0
227,40404,113,harvest,25.232075,112.3177061,87.08563111,0.291732031,22.64670375,382.6603139,21.3659475,0
228,40405,114,harvest,19.57390926,75.76804199,56.19413273,0.288439075,21.70657979,435.4497221,20.5552277,0
229,40406,115,harvest,22.41575894,57.91559801,35.49983912,0.285141944,21.16790125,526.6256672,20.63514769,0
230,40407,116,harvest,42.52589296,85.33613579,42.81024282,0.282681106,20.93396042,480.6052948,20.91666587,0
231,40408,117,harvest,32.78182301,89.58200736,56.80018431,0.281113067,21.18793771,518.3473417,21.69812135,0
232,40409,118,harvest,49.58628579,124.1024584,74.51617269,0.279441244,21.09309188,336.5905524,21.98796213,0
233,40410,119,harvest,22.43851815,92.02041954,69.58190139,0.277245158,20.97912021,500.6581994,22.64818445,0
234,40411,120,harvest,24.91085227,109.9404043,85.02955204,0.275910879,21.05803771,472.7975589,23.69987336,0
235,40412,121,harvest,63.86871731,114.8279053,50.95918796,0.275553563,21.69625875,437.6022418,24.76900421,0
236,40413,122,harvest,24.58695236,56.56034731,31.973395,0.275048785,21.78132833,436.7868547,21.27886626,0
237,40414,123,harvest,9.956443611,59.60591949,49.64947588,0.273201688,21.10912271,393.4661285,17.60789534,0
238,40415,124,harvest,13.0686737,65.99583662,52.92716292,0.27107889,20.60247083,336.5004249,17.99800819,0
239,40416,125,harvest,40.4319894,99.29684958,58.86486019,0.267934848,19.14231104,168.5565905,16.73895936,0.2
240,40417,126,harvest,47.06618444,100.0102288,52.94404431,0.266380008,19.07406771,255.1903379,19.22316255,0.1
241,40418,127,harvest,206.0507313,148.7024756,-57.34825565,0.265137546,18.15660229,78.58154857,19.68650092,7.7
242,40419,128,harvest,128.2345257,152.9516716,24.71714583,0.263446825,17.87906563,177.2750498,19.38029722,0.6
243,40420,129,harvest,102.7051719,148.980825,46.27565319,0.264002733,18.39069063,237.0027156,20.01106016,3.5
244,40421,130,harvest,111.4560682,154.6549594,43.19889116,0.262717483,17.46812292,136.7460069,18.56740246,0.3
245,40422,,,91.06790259,101.9703541,10.90245157,0.259924967,16.26494979,230.0977636,18.78174419,1.6
246,40423,,,88.61325903,105.8705445,17.25728551,0.258422886,15.60698751,144.3259338,16.98811478,0.5
247,40424,,,87.86342657,127.6217504,39.7583238,0.257245007,15.38046714,287.651284,18.72051364,1.1
248,40425,,,90.0411163,131.537536,41.49641963,0.25663654,15.25179877,8.47289554,15.93445664,1.3
249,40426,,,90.13837449,119.5414771,29.40310264,0.2555,13.91578189,111.8674314,16.75056691,0
250,40427,,,84.67414806,100.9545917,16.28044361,0.254357627,13.45277175,215.2619672,17.56667718,0.6
251,40428,,,73.97945431,98.33309532,24.35364102,0.253759203,13.37773987,180.8134947,17.88589425,0.2
252,40429,,,59.2911419,104.3364689,45.04532704,0.2546,13.58833953,233.6420576,18.97222065,0
253,40430,,,79.95101019,130.8596971,50.90868694,0.255942227,13.67413456,286.4706204,20.05854705,0.2
254,40431,,,134.4532669,155.5398849,21.08661792,0.255915323,13.92173,352.4193889,18.85282303,0
255,40432,,,141.1094366,142.033282,0.923845417,0.256966952,14.35743396,310.7819587,19.66842948,0
256,40433,,,126.8586511,127.1279521,0.269301019,0.259475188,15.56991833,239.5524349,19.93784005,0
257,40434,,,138.9552634,123.8563258,-15.09893755,0.258691321,15.4380102,63.12732182,18.2743745,5.1
258,40435,,,145.5688823,126.6853966,-18.88348565,0.259389777,15.80949461,231.0561743,18.90273108,0
259,40436,,,157.6453168,147.0929244,-10.55239241,0.261736403,15.8393947,196.4559684,18.95330633,1.3
260,40437,,,167.3085031,156.9516376,-10.35686546,0.268680853,16.61806672,197.4647787,20.27041056,0
261,40438,,,149.3369156,151.3412414,2.004325787,0.2687778,17.03682367,658.7172617,20.97872746,0
262,40439,,,147.2602587,146.6655212,-0.594737546,0.26893,17,281.3308756,18.94153851,0
263,40440,,,155.4675338,146.9192417,-8.54829213,0.269158,16.6,262.3781769,18.40370547,0
264,40441,,,146.2652551,138.4600197,-7.805235417,0.269502,15.83243757,243.4254782,17.86587242,0
265,40442,,,136.3975241,129.9325688,-6.46495537,0.269962,15.51447067,243.0097859,17.85407605,0
266,40443,,,126.4798757,121.9867438,-4.493131806,0.270538,15.19650377,192.1534079,16.41089157,0
267,40444,,,104.1718422,108.6138601,4.44201787,0.27123,15.18952976,141.2970298,14.96770708,0
268,40445,,,93.25528306,98.33957593,5.08429287,0.273074106,14.33631909,141.7510392,14.9805908,0
269,40446,,,90.63539495,101.3005711,10.66517616,0.274183504,13.48310843,155.1112013,15.3597208,0
270,40447,,,84.0540288,94.73629894,10.68227014,0.274622,13.49072528,35.49518344,11.96529934,0
271,40448,,,90.11235736,93.8933094,3.780952037,,13.71486694,,14.29487208,0
272,40449,,,98.02131,94.25236241,-3.768947546,,11.70808497,,13.61409921,0
273,40450,,,86.98960662,90.91318778,3.923581157,,,,13.9812369,0
274,40451,,,72.12562801,78.46918449,6.343556481,,,,13.69864051,0
275,40452,,,65.11589509,77.96622259,12.8503275,,,,13.41604412,0
276,40453,,,70.75726491,82.72029884,11.96303394,,,,13.09048032,0
277,40454,,,68.06017926,77.53832838,9.47814912,,,,14.8576,0
278,40455,,,69.97279269,80.49918227,10.52638958,,,,15.2442,0
279,40456,,,65.67378144,74.871325,9.197543565,,,,15.6308,0
280,40457,,,64.92850995,73.73136903,8.802859074,,,,16.22484,0
281,40458,,,65.73931537,77.73580833,11.99649296,,,,16.62477927,0
282,40459,,,68.55701644,79.15088856,10.59387213,,,,16.41753829,0
283,40460,,,67.58500046,72.89677648,5.311776019,,,,17.80472749,0
284,40461,,,77.90848954,79.82258019,1.914090648,,,,17.4964087,0
285,40462,,,68.50365227,78.56008764,10.05643537,,,,17.179894,0
286,40463,,,59.26074782,67.06768796,7.806940185,,,,16.62838009,0
287,40464,,,53.34998528,57.69621903,4.346233796,,,,16.442,0
288,40465,,,56.21931588,58.97540361,2.756087731,,,,16.075,0
289,40466,,,52.37863745,50.40936296,-1.969274444,,,,15.708,0
290,40467,,,48.96672051,46.06938579,-2.897334676,,,,16.3641012,0
291,40468,,,43.11767625,43.58174995,0.464073704,,,,14.34160158,0
292,40469,,,41.72963861,42.06243829,0.332799676,,,,14.21978751,0
293,40470,,,42.79567741,43.12749329,0.331815833,,,,14.09797344,0
294,40471,,,42.72946579,43.26378157,0.534315787,,,,14.1659509,0
295,40472,,,42.34956319,38.38568731,-3.96387588,,,,13.77300232,0
296,40473,,,35.28079935,26.40337995,-8.877419398,,,,13.38005374,0
297,40474,,,34.63620542,27.21432736,-7.421878102,,,,13.93690176,0
298,40475,,,35.74329514,32.41440806,-3.32888713,,,,14.59600016,0
299,40476,,,46.61599787,38.30005625,-8.315941574,,,,16.41934974,0
300,40477,,,49.73080259,41.39869583,-8.332106759,,,,16.20159692,0
301,40478,,,55.48705657,45.74006597,-9.746990602,,,,18.08005046,0
302,40479,,,53.8924025,44.2688575,-9.623544954,,,,19.958504,0
303,40480,,,51.55235755,46.99788199,-4.554475556,,,,20.63891864,0
304,40481,,,48.63757491,47.34415088,-1.293423981,,,,16.8502891,0
305,40482,,,46.2498319,43.48214171,-2.767690231,,,,15.40655983,0
306,40483,,,45.84902977,43.53526222,-2.313767546,,,,15.66112253,0
307,40484,,,45.6908,42.80083542,-2.889964583,,,,,0
308,40485,,,53.03477375,50.33297329,-2.701800463,,,,,0
309,40486,,,55.8692706,54.86816824,-1.001102361,,,,,0
310,40487,,,55.78070454,54.5154756,-1.265228935,,,,20.83499024,0
311,40488,,,55.45039991,53.94892102,-1.501478935,,,,16.25463127,0
312,40489,,,46.60581597,49.65823949,3.052423519,,,,15.79663608,0
313,40490,,,38.85879935,39.92948222,1.07068287,,,,15.98984525,0
314,40491,,,36.40026435,35.92536412,-0.474900231,,,,16.18305441,0
315,40492,,,20.51984375,32.51936741,11.99952361,,,,14.25142587,0
316,40493,,,,,,,,,,
317,40494,,,,,,,,,,
318,40495,,,,,,,,,,
319,40496,,,,,,,,,,
320,40497,,,,,,,,,,
321,40498,,,,,,,,,,
322,40499,,,,,,,,,,
323,40500,,,,,,,,,,
324,40501,,,,,,,,,,
325,40502,,,,,,,,,,
326,40503,,,,,,,,,,
327,40504,,,,,,,,,,
328,40505,,,,,,,,,,
329,40506,,,,,,,,,,
330,40507,,,,,,,,,,
331,40508,,,,,,,,,,
332,40509,,,,,,,,,,
333,40510,,,,,,,,,,
334,40511,,,,,,,,,,
335,40512,,,,,,,,,,
336,40513,,,,,,,,,,
337,40514,,,,,,,,,,
338,40515,,,,,,,,,,
339,40516,,,,,,,,,,
340,40517,,,,,,,,,,
341,40518,,,,,,,,,,
342,40519,,,,,,,,,,
343,40520,,,,,,,,,,
344,40521,,,,,,,,,,
345,40522,,,,,,,,,,
346,40523,,,,,,,,,,
347,40524,,,,,,,,,,
348,40525,,,,,,,,,,
349,40526,,,,,,,,,,
350,40527,,,,,,,,,,
351,40528,,,,,,,,,,
352,40529,,,,,,,,,,
353,40530,,,,,,,,,,
354,40531,,,,,,,,,,
355,40532,,,,,,,,,,
356,40533,,,,,,,,,,
357,40534,,,,,,,,,,
358,40535,,,,,,,,,,
359,40536,,,,,,,,,,
360,40537,,,,,,,,,,
361,40538,,,,,,,,,,
362,40539,,,,,,,,,,
363,40540,,,,,,,,,,
364,40541,,,,,,,,,,
365,40542,,,,,,,,,,
